team,description
Atlanta Hawks,The Hawks are a young and emerging team built around dynamic talent and the future of basketball in Atlanta. Developing a next generation core with exciting young players.
Boston Celtics,The Celtics are a championship contender with an elite roster and a dominant defensive identity. A dynasty in the making with championship pedigree and title aspirations.
Brooklyn Nets,"The Nets are in transition, retooling their roster and resetting their direction after a period of high-profile moves. A new direction under new leadership."
Charlotte Hornets,Charlotte is building around a young core with emerging talent. The future is bright as the Hornets develop their next generation of players.
Chicago Bulls,The Bulls are a young and developing team with an exciting core. Chicago is investing in the future and building toward sustainable success.
Cleveland Cavaliers,"Cleveland is an emerging contender, developing a talented young roster into playoff-caliber competition. A young core with championship aspirations."
Dallas Mavericks,The Mavericks are championship contenders built around elite talent. Dallas aims to be dominant and compete for a title with an experienced supporting cast.
Denver Nuggets,"The Nuggets are reigning champions, a true dynasty built on elite team basketball. A championship roster with dominant depth and proven leadership."
Detroit Pistons,"Detroit is fully rebuilding, resetting with young talent and a new direction. The Pistons are in a transition period focused on developing emerging players."
Golden State Warriors,"The Warriors are a dynasty and championship contender with an elite, battle-tested core. Proven winners with title experience and dominant team culture."
Houston Rockets,Houston is rebuilding around a young core with the future in mind. The Rockets are developing emerging talent and transitioning toward long-term success.
Indiana Pacers,The Pacers are a young and rising team with an exciting and developing core. Indiana is building toward championship contention through emerging talent.
LA Clippers,"The Clippers are a proven contender with experienced, battle-tested veterans and elite talent. A championship-caliber roster with dominant two-way players."
Los Angeles Lakers,The Lakers are an elite and historic franchise pursuing championship glory. A dynasty franchise with proven veterans and a dominant basketball legacy.
Memphis Grizzlies,"Memphis brings a gritty, battle-tested identity with proven tough veterans and an experienced leadership group. A hard-nosed team with strong team culture."
Miami Heat,The Heat are a proven championship contender with an elite culture and dominant identity. A battle-tested team with proven veterans and championship experience.
Milwaukee Bucks,The Bucks are a championship contender with an elite and dominant roster. A proven winner anchored by MVP-caliber leadership and title aspirations.
Minnesota Timberwolves,Minnesota is an emerging contender building around a young and elite core. The Timberwolves are developing their next championship roster with dominant potential.
New Orleans Pelicans,The Pelicans are building around young talent and the future. New Orleans is developing an emerging core and investing in the next generation of players.
New York Knicks,The Knicks are a rising contender with veteran leadership and a proven identity. New York is building a championship culture with experienced battle-tested players.
Oklahoma City Thunder,OKC is investing in the future with a deep young core and emerging talent. The Thunder are developing the next generation through their rebuilding process.
Orlando Magic,Orlando is rebuilding around exciting young talent. The Magic are developing an emerging next-generation core and resetting for the future.
Philadelphia 76ers,The Sixers are an elite championship contender with dominant talent. Philadelphia is built to compete for a title with proven veterans and elite two-way players.
Phoenix Suns,"The Suns are in transition after a championship window, retooling with veteran experience and resetting their direction for future contention."
Portland Trail Blazers,Portland is rebuilding around young talent and transitioning to a new era. The Trail Blazers are resetting with an eye on the future.
Sacramento Kings,The Kings are an emerging and developing team building playoff habits. Sacramento is investing in a young core with aspirations toward sustained success.
San Antonio Spurs,San Antonio is rebuilding around a generational young talent. The Spurs are developing their next dynasty through patience and their proven basketball culture.
Toronto Raptors,The Raptors are transitioning and rebuilding around developing young players. Toronto is resetting with an eye toward building a new contending roster.
Utah Jazz,Utah is rebuilding around young talent and transitioning toward the future. The Jazz are developing an emerging core with long-term championship aspirations.
Washington Wizards,Washington is rebuilding and resetting with young developing talent. The Wizards are transitioning toward a new direction built on their young core.
